{
  "name": {
    "precision": 0.8,
    "recall": 1.0,
    "f1-score": 0.888888888888889,
    "support": 4,
    "confused_with": {}
  },
  "age_of_son": {
    "precision": 0.6666666666666666,
    "recall": 1.0,
    "f1-score": 0.8,
    "support": 4,
    "confused_with": {}
  },
  "personnality": {
    "precision": 1.0,
    "recall": 1.0,
    "f1-score": 1.0,
    "support": 11,
    "confused_with": {}
  },
  "type_of_call": {
    "precision": 1.0,
    "recall": 1.0,
    "f1-score": 1.0,
    "support": 2,
    "confused_with": {}
  },
  "nickname": {
    "precision": 1.0,
    "recall": 1.0,
    "f1-score": 1.0,
    "support": 4,
    "confused_with": {}
  },
  "city": {
    "precision": 1.0,
    "recall": 0.8333333333333334,
    "f1-score": 0.9090909090909091,
    "support": 6,
    "confused_with": {}
  },
  "info": {
    "precision": 1.0,
    "recall": 1.0,
    "f1-score": 1.0,
    "support": 4,
    "confused_with": {}
  },
  "type_of_photo": {
    "precision": 1.0,
    "recall": 1.0,
    "f1-score": 1.0,
    "support": 3,
    "confused_with": {}
  },
  "micro avg": {
    "precision": 0.925,
    "recall": 0.9736842105263158,
    "f1-score": 0.9487179487179489,
    "support": 38
  },
  "macro avg": {
    "precision": 0.9333333333333333,
    "recall": 0.9791666666666667,
    "f1-score": 0.9497474747474748,
    "support": 38
  },
  "weighted avg": {
    "precision": 0.9438596491228071,
    "recall": 0.9736842105263158,
    "f1-score": 0.9528973950026582,
    "support": 38
  },
  "accuracy": 0.9893617021276596
}